dataset_id,sample_id,detector_score,generation_gate,gate_band,guardrailed_generation_eligible,condition_count_verified
Sparkov,FOLLOWUP_SPARKOV_001,0.0,0.5,below_gate,False,6
Sparkov,FOLLOWUP_SPARKOV_002,0.0,0.5,below_gate,False,6
Sparkov,FOLLOWUP_SPARKOV_003,0.0,0.5,below_gate,False,6
Sparkov,FOLLOWUP_SPARKOV_004,0.0,0.5,below_gate,False,6
Sparkov,FOLLOWUP_SPARKOV_005,0.0,0.5,below_gate,False,6
Sparkov,FOLLOWUP_SPARKOV_006,0.0,0.5,below_gate,False,6
Sparkov,FOLLOWUP_SPARKOV_007,0.0,0.5,below_gate,False,6
Sparkov,FOLLOWUP_SPARKOV_008,0.0,0.5,below_gate,False,6
Sparkov,FOLLOWUP_SPARKOV_009,0.0,0.5,below_gate,False,6
Sparkov,FOLLOWUP_SPARKOV_010,0.0,0.5,below_gate,False,6
Sparkov,FOLLOWUP_SPARKOV_011,0.0,0.5,below_gate,False,6
Sparkov,FOLLOWUP_SPARKOV_012,0.0,0.5,below_gate,False,6
Sparkov,FOLLOWUP_SPARKOV_013,0.0,0.5,below_gate,False,6
Sparkov,FOLLOWUP_SPARKOV_014,0.0,0.5,below_gate,False,6
Sparkov,FOLLOWUP_SPARKOV_015,0.0,0.5,below_gate,False,6
Sparkov,FOLLOWUP_SPARKOV_016,0.0,0.5,below_gate,False,6
Sparkov,FOLLOWUP_SPARKOV_017,0.0,0.5,below_gate,False,6
Sparkov,FOLLOWUP_SPARKOV_018,0.0,0.5,below_gate,False,6
Sparkov,FOLLOWUP_SPARKOV_019,0.0,0.5,below_gate,False,6
Sparkov,FOLLOWUP_SPARKOV_020,0.0,0.5,below_gate,False,6
Sparkov,FOLLOWUP_SPARKOV_021,0.0,0.5,below_gate,False,6
Sparkov,FOLLOWUP_SPARKOV_022,0.0,0.5,below_gate,False,6
Sparkov,FOLLOWUP_SPARKOV_023,0.0,0.5,below_gate,False,6
Sparkov,FOLLOWUP_SPARKOV_024,0.0,0.5,below_gate,False,6
Sparkov,FOLLOWUP_SPARKOV_025,0.0,0.5,below_gate,False,6
Sparkov,FOLLOWUP_SPARKOV_026,0.0,0.5,below_gate,False,6
Sparkov,FOLLOWUP_SPARKOV_027,0.0,0.5,below_gate,False,6
Sparkov,FOLLOWUP_SPARKOV_028,0.0,0.5,below_gate,False,6
Sparkov,FOLLOWUP_SPARKOV_029,0.0,0.5,below_gate,False,6
Sparkov,FOLLOWUP_SPARKOV_030,0.0,0.5,below_gate,False,6
Sparkov,FOLLOWUP_SPARKOV_031,0.0,0.5,below_gate,False,6
Sparkov,FOLLOWUP_SPARKOV_032,0.0,0.5,below_gate,False,6
Sparkov,FOLLOWUP_SPARKOV_033,0.0,0.5,below_gate,False,6
Sparkov,FOLLOWUP_SPARKOV_034,0.0,0.5,below_gate,False,6
Sparkov,FOLLOWUP_SPARKOV_035,0.0,0.5,below_gate,False,6
Sparkov,FOLLOWUP_SPARKOV_036,0.0,0.5,below_gate,False,6
Sparkov,FOLLOWUP_SPARKOV_037,0.0,0.5,below_gate,False,6
Sparkov,FOLLOWUP_SPARKOV_038,0.0,0.5,below_gate,False,6
Sparkov,FOLLOWUP_SPARKOV_039,0.0,0.5,below_gate,False,6
Sparkov,FOLLOWUP_SPARKOV_040,0.0,0.5,below_gate,False,6
Sparkov,FOLLOWUP_SPARKOV_041,0.0,0.5,below_gate,False,6
Sparkov,FOLLOWUP_SPARKOV_042,0.0,0.5,below_gate,False,6
Sparkov,FOLLOWUP_SPARKOV_043,0.0,0.5,below_gate,False,6
Sparkov,FOLLOWUP_SPARKOV_044,0.0,0.5,below_gate,False,6
Sparkov,FOLLOWUP_SPARKOV_045,0.0,0.5,below_gate,False,6
Sparkov,FOLLOWUP_SPARKOV_046,0.0,0.5,below_gate,False,6
Sparkov,FOLLOWUP_SPARKOV_047,0.0,0.5,below_gate,False,6
Sparkov,FOLLOWUP_SPARKOV_048,0.0,0.5,below_gate,False,6
Sparkov,FOLLOWUP_SPARKOV_049,0.0,0.5,below_gate,False,6
Sparkov,FOLLOWUP_SPARKOV_050,0.0,0.5,below_gate,False,6
Sparkov,FOLLOWUP_SPARKOV_051,0.0,0.5,below_gate,False,6
Sparkov,FOLLOWUP_SPARKOV_052,0.0,0.5,below_gate,False,6
Sparkov,FOLLOWUP_SPARKOV_053,0.0,0.5,below_gate,False,6
Sparkov,FOLLOWUP_SPARKOV_054,0.0,0.5,below_gate,False,6
Sparkov,FOLLOWUP_SPARKOV_055,0.0,0.5,below_gate,False,6
Sparkov,FOLLOWUP_SPARKOV_056,0.0,0.5,below_gate,False,6
Sparkov,FOLLOWUP_SPARKOV_057,0.0,0.5,below_gate,False,6
Sparkov,FOLLOWUP_SPARKOV_058,0.0,0.5,below_gate,False,6
Sparkov,FOLLOWUP_SPARKOV_059,0.0,0.5,below_gate,False,6
Sparkov,FOLLOWUP_SPARKOV_060,0.0,0.5,below_gate,False,6
Sparkov,FOLLOWUP_SPARKOV_061,0.0,0.5,below_gate,False,6
Sparkov,FOLLOWUP_SPARKOV_062,0.0,0.5,below_gate,False,6
Sparkov,FOLLOWUP_SPARKOV_063,0.0,0.5,below_gate,False,6
Sparkov,FOLLOWUP_SPARKOV_064,0.0,0.5,below_gate,False,6
Sparkov,FOLLOWUP_SPARKOV_065,0.0,0.5,below_gate,False,6
Sparkov,FOLLOWUP_SPARKOV_066,0.0,0.5,below_gate,False,6
Sparkov,FOLLOWUP_SPARKOV_067,0.0,0.5,below_gate,False,6
Sparkov,FOLLOWUP_SPARKOV_068,0.0,0.5,below_gate,False,6
Sparkov,FOLLOWUP_SPARKOV_069,0.0,0.5,below_gate,False,6
Sparkov,FOLLOWUP_SPARKOV_070,0.0,0.5,below_gate,False,6
Sparkov,FOLLOWUP_SPARKOV_071,0.0,0.5,below_gate,False,6
Sparkov,FOLLOWUP_SPARKOV_072,0.0,0.5,below_gate,False,6
Sparkov,FOLLOWUP_SPARKOV_073,0.0,0.5,below_gate,False,6
Sparkov,FOLLOWUP_SPARKOV_074,0.0,0.5,below_gate,False,6
Sparkov,FOLLOWUP_SPARKOV_075,0.0,0.5,below_gate,False,6
Sparkov,FOLLOWUP_SPARKOV_076,0.0,0.5,below_gate,False,6
Sparkov,FOLLOWUP_SPARKOV_077,0.0,0.5,below_gate,False,6
Sparkov,FOLLOWUP_SPARKOV_078,0.0,0.5,below_gate,False,6
Sparkov,FOLLOWUP_SPARKOV_079,0.0,0.5,below_gate,False,6
Sparkov,FOLLOWUP_SPARKOV_080,0.0,0.5,below_gate,False,6
Sparkov,FOLLOWUP_SPARKOV_081,0.0,0.5,below_gate,False,6
Sparkov,FOLLOWUP_SPARKOV_082,0.0,0.5,below_gate,False,6
Sparkov,FOLLOWUP_SPARKOV_083,0.0,0.5,below_gate,False,6
Sparkov,FOLLOWUP_SPARKOV_084,0.0,0.5,below_gate,False,6
Sparkov,FOLLOWUP_SPARKOV_085,0.0,0.5,below_gate,False,6
Sparkov,FOLLOWUP_SPARKOV_086,0.0,0.5,below_gate,False,6
Sparkov,FOLLOWUP_SPARKOV_087,0.0,0.5,below_gate,False,6
Sparkov,FOLLOWUP_SPARKOV_088,0.0,0.5,below_gate,False,6
Sparkov,FOLLOWUP_SPARKOV_089,0.0,0.5,below_gate,False,6
Sparkov,FOLLOWUP_SPARKOV_090,0.0,0.5,below_gate,False,6
Sparkov,FOLLOWUP_SPARKOV_091,0.0,0.5,below_gate,False,6
Sparkov,FOLLOWUP_SPARKOV_092,0.0,0.5,below_gate,False,6
Sparkov,FOLLOWUP_SPARKOV_093,0.0,0.5,below_gate,False,6
Sparkov,FOLLOWUP_SPARKOV_094,0.0,0.5,below_gate,False,6
Sparkov,FOLLOWUP_SPARKOV_095,0.0,0.5,below_gate,False,6
Sparkov,FOLLOWUP_SPARKOV_096,0.0,0.5,below_gate,False,6
Sparkov,FOLLOWUP_SPARKOV_097,0.0,0.5,below_gate,False,6
Sparkov,FOLLOWUP_SPARKOV_098,0.0,0.5,below_gate,False,6
Sparkov,FOLLOWUP_SPARKOV_099,0.0,0.5,below_gate,False,6
Sparkov,FOLLOWUP_SPARKOV_100,0.0,0.5,below_gate,False,6
Sparkov,FOLLOWUP_SPARKOV_101,0.0,0.5,below_gate,False,6
Sparkov,FOLLOWUP_SPARKOV_102,0.0,0.5,below_gate,False,6
Sparkov,FOLLOWUP_SPARKOV_103,0.0,0.5,below_gate,False,6
Sparkov,FOLLOWUP_SPARKOV_104,0.0,0.5,below_gate,False,6
Sparkov,FOLLOWUP_SPARKOV_105,0.0,0.5,below_gate,False,6
Sparkov,FOLLOWUP_SPARKOV_106,0.0,0.5,below_gate,False,6
Sparkov,FOLLOWUP_SPARKOV_107,0.0,0.5,below_gate,False,6
Sparkov,FOLLOWUP_SPARKOV_108,0.0,0.5,below_gate,False,6
Sparkov,FOLLOWUP_SPARKOV_109,0.0,0.5,below_gate,False,6
Sparkov,FOLLOWUP_SPARKOV_110,0.0,0.5,below_gate,False,6
Sparkov,FOLLOWUP_SPARKOV_111,0.0,0.5,below_gate,False,6
Sparkov,FOLLOWUP_SPARKOV_112,0.0,0.5,below_gate,False,6
Sparkov,FOLLOWUP_SPARKOV_113,0.0,0.5,below_gate,False,6
Sparkov,FOLLOWUP_SPARKOV_114,0.0,0.5,below_gate,False,6
Sparkov,FOLLOWUP_SPARKOV_115,0.0,0.5,below_gate,False,6
Sparkov,FOLLOWUP_SPARKOV_116,0.0,0.5,below_gate,False,6
Sparkov,FOLLOWUP_SPARKOV_117,0.0,0.5,below_gate,False,6
Sparkov,FOLLOWUP_SPARKOV_118,0.0,0.5,below_gate,False,6
Sparkov,FOLLOWUP_SPARKOV_119,0.0,0.5,below_gate,False,6
Sparkov,FOLLOWUP_SPARKOV_120,0.0038019376,0.5,below_gate,False,6
Sparkov,FOLLOWUP_SPARKOV_121,0.0046973782,0.5,below_gate,False,6
Sparkov,FOLLOWUP_SPARKOV_122,0.0047804928,0.5,below_gate,False,6
Sparkov,FOLLOWUP_SPARKOV_123,0.0048282985,0.5,below_gate,False,6
Sparkov,FOLLOWUP_SPARKOV_124,0.0048494097,0.5,below_gate,False,6
Sparkov,FOLLOWUP_SPARKOV_125,0.0048601891,0.5,below_gate,False,6
Sparkov,FOLLOWUP_SPARKOV_126,0.0048830529,0.5,below_gate,False,6
Sparkov,FOLLOWUP_SPARKOV_127,0.0048870378,0.5,below_gate,False,6
Sparkov,FOLLOWUP_SPARKOV_128,0.0048910275,0.5,below_gate,False,6
Sparkov,FOLLOWUP_SPARKOV_129,0.0049280137,0.5,below_gate,False,6
Sparkov,FOLLOWUP_SPARKOV_130,0.0049431214,0.5,below_gate,False,6
Sparkov,FOLLOWUP_SPARKOV_131,0.0049436551,0.5,below_gate,False,6
Sparkov,FOLLOWUP_SPARKOV_132,0.0049617829,0.5,below_gate,False,6
Sparkov,FOLLOWUP_SPARKOV_133,0.0049903647,0.5,below_gate,False,6
Sparkov,FOLLOWUP_SPARKOV_134,0.0096696707,0.5,below_gate,False,6
Sparkov,FOLLOWUP_SPARKOV_135,0.0096935398,0.5,below_gate,False,6
Sparkov,FOLLOWUP_SPARKOV_136,0.0097674258,0.5,below_gate,False,6
Sparkov,FOLLOWUP_SPARKOV_137,0.0098457852,0.5,below_gate,False,6
Sparkov,FOLLOWUP_SPARKOV_138,0.0098464053,0.5,below_gate,False,6
Sparkov,FOLLOWUP_SPARKOV_139,0.0143992901,0.5,below_gate,False,6
Sparkov,FOLLOWUP_SPARKOV_140,0.0144011592,0.5,below_gate,False,6
Sparkov,FOLLOWUP_SPARKOV_141,0.0147047453,0.5,below_gate,False,6
Sparkov,FOLLOWUP_SPARKOV_142,0.0191919278,0.5,below_gate,False,6
Sparkov,FOLLOWUP_SPARKOV_143,0.0194539759,0.5,below_gate,False,6
Sparkov,FOLLOWUP_SPARKOV_144,0.0240284411,0.5,below_gate,False,6
Sparkov,FOLLOWUP_SPARKOV_145,0.0244015119,0.5,below_gate,False,6
Sparkov,FOLLOWUP_SPARKOV_146,0.0289075012,0.5,below_gate,False,6
Sparkov,FOLLOWUP_SPARKOV_147,0.0340144741,0.5,below_gate,False,6
Sparkov,FOLLOWUP_SPARKOV_148,0.0343523052,0.5,below_gate,False,6
Sparkov,FOLLOWUP_SPARKOV_149,0.0392668914,0.5,below_gate,False,6
Sparkov,FOLLOWUP_SPARKOV_150,0.0440652034,0.5,below_gate,False,6
Sparkov,FOLLOWUP_SPARKOV_151,0.0483661516,0.5,below_gate,False,6
Sparkov,FOLLOWUP_SPARKOV_152,0.0536493754,0.5,below_gate,False,6
Sparkov,FOLLOWUP_SPARKOV_153,0.0539545307,0.5,below_gate,False,6
Sparkov,FOLLOWUP_SPARKOV_154,0.0587551971,0.5,below_gate,False,6
Sparkov,FOLLOWUP_SPARKOV_155,0.0639473672,0.5,below_gate,False,6
Sparkov,FOLLOWUP_SPARKOV_156,0.0758278743,0.5,below_gate,False,6
Sparkov,FOLLOWUP_SPARKOV_157,0.0790013487,0.5,below_gate,False,6
Sparkov,FOLLOWUP_SPARKOV_158,0.0882114852,0.5,below_gate,False,6
Sparkov,FOLLOWUP_SPARKOV_159,0.0936518087,0.5,below_gate,False,6
Sparkov,FOLLOWUP_SPARKOV_160,0.1071998358,0.5,below_gate,False,6
Sparkov,FOLLOWUP_SPARKOV_161,0.1172318269,0.5,below_gate,False,6
Sparkov,FOLLOWUP_SPARKOV_162,0.1183951011,0.5,below_gate,False,6
Sparkov,FOLLOWUP_SPARKOV_163,0.1274202611,0.5,below_gate,False,6
Sparkov,FOLLOWUP_SPARKOV_164,0.133198596,0.5,below_gate,False,6
Sparkov,FOLLOWUP_SPARKOV_165,0.1448948318,0.5,below_gate,False,6
Sparkov,FOLLOWUP_SPARKOV_166,0.157290965,0.5,below_gate,False,6
Sparkov,FOLLOWUP_SPARKOV_167,0.1674799713,0.5,below_gate,False,6
Sparkov,FOLLOWUP_SPARKOV_168,0.1769202172,0.5,below_gate,False,6
Sparkov,FOLLOWUP_SPARKOV_169,0.1908936179,0.5,below_gate,False,6
Sparkov,FOLLOWUP_SPARKOV_170,0.2019455312,0.5,below_gate,False,6
Sparkov,FOLLOWUP_SPARKOV_171,0.2093276055,0.5,below_gate,False,6
Sparkov,FOLLOWUP_SPARKOV_172,0.2144216817,0.5,below_gate,False,6
Sparkov,FOLLOWUP_SPARKOV_173,0.2290361936,0.5,below_gate,False,6
Sparkov,FOLLOWUP_SPARKOV_174,0.2427942638,0.5,below_gate,False,6
Sparkov,FOLLOWUP_SPARKOV_175,0.2532261184,0.5,below_gate,False,6
Sparkov,FOLLOWUP_SPARKOV_176,0.2712348104,0.5,below_gate,False,6
Sparkov,FOLLOWUP_SPARKOV_177,0.276588008,0.5,below_gate,False,6
Sparkov,FOLLOWUP_SPARKOV_178,0.2831057128,0.5,below_gate,False,6
Sparkov,FOLLOWUP_SPARKOV_179,0.2931329663,0.5,below_gate,False,6
Sparkov,FOLLOWUP_SPARKOV_180,0.305905472,0.5,below_gate,False,6
Sparkov,FOLLOWUP_SPARKOV_181,0.3156660077,0.5,below_gate,False,6
Sparkov,FOLLOWUP_SPARKOV_182,0.3334582709,0.5,below_gate,False,6
Sparkov,FOLLOWUP_SPARKOV_183,0.3466556426,0.5,below_gate,False,6
Sparkov,FOLLOWUP_SPARKOV_184,0.3596588403,0.5,below_gate,False,6
Sparkov,FOLLOWUP_SPARKOV_185,0.3684410285,0.5,below_gate,False,6
Sparkov,FOLLOWUP_SPARKOV_186,0.3778640276,0.5,below_gate,False,6
Sparkov,FOLLOWUP_SPARKOV_187,0.3857505989,0.5,below_gate,False,6
Sparkov,FOLLOWUP_SPARKOV_188,0.3914150621,0.5,below_gate,False,6
Sparkov,FOLLOWUP_SPARKOV_189,0.3970257861,0.5,below_gate,False,6
Sparkov,FOLLOWUP_SPARKOV_190,0.4027625603,0.5,below_gate,False,6
Sparkov,FOLLOWUP_SPARKOV_191,0.4136080897,0.5,below_gate,False,6
Sparkov,FOLLOWUP_SPARKOV_192,0.4214218046,0.5,below_gate,False,6
Sparkov,FOLLOWUP_SPARKOV_193,0.4377877543,0.5,below_gate,False,6
Sparkov,FOLLOWUP_SPARKOV_194,0.4454189787,0.5,below_gate,False,6
Sparkov,FOLLOWUP_SPARKOV_195,0.4570556852,0.5,below_gate,False,6
Sparkov,FOLLOWUP_SPARKOV_196,0.4673925429,0.5,below_gate,False,6
Sparkov,FOLLOWUP_SPARKOV_197,0.4734491258,0.5,below_gate,False,6
Sparkov,FOLLOWUP_SPARKOV_198,0.4867479277,0.5,below_gate,False,6
Sparkov,FOLLOWUP_SPARKOV_199,0.4978081899,0.5,below_gate,False,6
Sparkov,FOLLOWUP_SPARKOV_200,0.5091492814,0.5,at_or_above_gate,True,6
Sparkov,FOLLOWUP_SPARKOV_201,0.5175918494,0.5,at_or_above_gate,True,6
Sparkov,FOLLOWUP_SPARKOV_202,0.5277569492,0.5,at_or_above_gate,True,6
Sparkov,FOLLOWUP_SPARKOV_203,0.5389343866,0.5,at_or_above_gate,True,6
Sparkov,FOLLOWUP_SPARKOV_204,0.546686995,0.5,at_or_above_gate,True,6
Sparkov,FOLLOWUP_SPARKOV_205,0.5547238529,0.5,at_or_above_gate,True,6
Sparkov,FOLLOWUP_SPARKOV_206,0.5658787333,0.5,at_or_above_gate,True,6
Sparkov,FOLLOWUP_SPARKOV_207,0.5821564869,0.5,at_or_above_gate,True,6
Sparkov,FOLLOWUP_SPARKOV_208,0.5900271199,0.5,at_or_above_gate,True,6
Sparkov,FOLLOWUP_SPARKOV_209,0.6089019006,0.5,at_or_above_gate,True,6
Sparkov,FOLLOWUP_SPARKOV_210,0.6241030085,0.5,at_or_above_gate,True,6
Sparkov,FOLLOWUP_SPARKOV_211,0.6338146357,0.5,at_or_above_gate,True,6
Sparkov,FOLLOWUP_SPARKOV_212,0.639442222,0.5,at_or_above_gate,True,6
Sparkov,FOLLOWUP_SPARKOV_213,0.6452054358,0.5,at_or_above_gate,True,6
Sparkov,FOLLOWUP_SPARKOV_214,0.6580825263,0.5,at_or_above_gate,True,6
Sparkov,FOLLOWUP_SPARKOV_215,0.6675379184,0.5,at_or_above_gate,True,6
Sparkov,FOLLOWUP_SPARKOV_216,0.6739010136,0.5,at_or_above_gate,True,6
Sparkov,FOLLOWUP_SPARKOV_217,0.6824083137,0.5,at_or_above_gate,True,6
Sparkov,FOLLOWUP_SPARKOV_218,0.6888231238,0.5,at_or_above_gate,True,6
Sparkov,FOLLOWUP_SPARKOV_219,0.6964378011,0.5,at_or_above_gate,True,6
Sparkov,FOLLOWUP_SPARKOV_220,0.7065543621,0.5,at_or_above_gate,True,6
Sparkov,FOLLOWUP_SPARKOV_221,0.7129575697,0.5,at_or_above_gate,True,6
Sparkov,FOLLOWUP_SPARKOV_222,0.7188680691,0.5,at_or_above_gate,True,6
Sparkov,FOLLOWUP_SPARKOV_223,0.7261964129,0.5,at_or_above_gate,True,6
Sparkov,FOLLOWUP_SPARKOV_224,0.7293228034,0.5,at_or_above_gate,True,6
Sparkov,FOLLOWUP_SPARKOV_225,0.7337081939,0.5,at_or_above_gate,True,6
Sparkov,FOLLOWUP_SPARKOV_226,0.7392456937,0.5,at_or_above_gate,True,6
Sparkov,FOLLOWUP_SPARKOV_227,0.7435937997,0.5,at_or_above_gate,True,6
Sparkov,FOLLOWUP_SPARKOV_228,0.7490749866,0.5,at_or_above_gate,True,6
Sparkov,FOLLOWUP_SPARKOV_229,0.7534852434,0.5,at_or_above_gate,True,6
Sparkov,FOLLOWUP_SPARKOV_230,0.7562967663,0.5,at_or_above_gate,True,6
Sparkov,FOLLOWUP_SPARKOV_231,0.7618780966,0.5,at_or_above_gate,True,6
Sparkov,FOLLOWUP_SPARKOV_232,0.7672980916,0.5,at_or_above_gate,True,6
Sparkov,FOLLOWUP_SPARKOV_233,0.7699262567,0.5,at_or_above_gate,True,6
Sparkov,FOLLOWUP_SPARKOV_234,0.7735342536,0.5,at_or_above_gate,True,6
Sparkov,FOLLOWUP_SPARKOV_235,0.7782947474,0.5,at_or_above_gate,True,6
Sparkov,FOLLOWUP_SPARKOV_236,0.7826170848,0.5,at_or_above_gate,True,6
Sparkov,FOLLOWUP_SPARKOV_237,0.7874187531,0.5,at_or_above_gate,True,6
Sparkov,FOLLOWUP_SPARKOV_238,0.7942830417,0.5,at_or_above_gate,True,6
Sparkov,FOLLOWUP_SPARKOV_239,0.8011460475,0.5,at_or_above_gate,True,6
Sparkov,FOLLOWUP_SPARKOV_240,0.8063119892,0.5,at_or_above_gate,True,6
Sparkov,FOLLOWUP_SPARKOV_241,0.8086895058,0.5,at_or_above_gate,True,6
Sparkov,FOLLOWUP_SPARKOV_242,0.8139154843,0.5,at_or_above_gate,True,6
Sparkov,FOLLOWUP_SPARKOV_243,0.8173078401,0.5,at_or_above_gate,True,6
Sparkov,FOLLOWUP_SPARKOV_244,0.8192895312,0.5,at_or_above_gate,True,6
Sparkov,FOLLOWUP_SPARKOV_245,0.8237471456,0.5,at_or_above_gate,True,6
Sparkov,FOLLOWUP_SPARKOV_246,0.8272050507,0.5,at_or_above_gate,True,6
Sparkov,FOLLOWUP_SPARKOV_247,0.8287373537,0.5,at_or_above_gate,True,6
Sparkov,FOLLOWUP_SPARKOV_248,0.8309713781,0.5,at_or_above_gate,True,6
Sparkov,FOLLOWUP_SPARKOV_249,0.832631134,0.5,at_or_above_gate,True,6
Sparkov,FOLLOWUP_SPARKOV_250,0.836897384,0.5,at_or_above_gate,True,6
Sparkov,FOLLOWUP_SPARKOV_251,0.8385416459,0.5,at_or_above_gate,True,6
Sparkov,FOLLOWUP_SPARKOV_252,0.8442095524,0.5,at_or_above_gate,True,6
Sparkov,FOLLOWUP_SPARKOV_253,0.8469167533,0.5,at_or_above_gate,True,6
Sparkov,FOLLOWUP_SPARKOV_254,0.8488293857,0.5,at_or_above_gate,True,6
Sparkov,FOLLOWUP_SPARKOV_255,0.8520722247,0.5,at_or_above_gate,True,6
Sparkov,FOLLOWUP_SPARKOV_256,0.8544636146,0.5,at_or_above_gate,True,6
Sparkov,FOLLOWUP_SPARKOV_257,0.8579270841,0.5,at_or_above_gate,True,6
Sparkov,FOLLOWUP_SPARKOV_258,0.8607040893,0.5,at_or_above_gate,True,6
Sparkov,FOLLOWUP_SPARKOV_259,0.8625980608,0.5,at_or_above_gate,True,6
Sparkov,FOLLOWUP_SPARKOV_260,0.8649057788,0.5,at_or_above_gate,True,6
Sparkov,FOLLOWUP_SPARKOV_261,0.8680066681,0.5,at_or_above_gate,True,6
Sparkov,FOLLOWUP_SPARKOV_262,0.8693597853,0.5,at_or_above_gate,True,6
Sparkov,FOLLOWUP_SPARKOV_263,0.8721218901,0.5,at_or_above_gate,True,6
Sparkov,FOLLOWUP_SPARKOV_264,0.8737554982,0.5,at_or_above_gate,True,6
Sparkov,FOLLOWUP_SPARKOV_265,0.8768935809,0.5,at_or_above_gate,True,6
Sparkov,FOLLOWUP_SPARKOV_266,0.8781023901,0.5,at_or_above_gate,True,6
Sparkov,FOLLOWUP_SPARKOV_267,0.8790887864,0.5,at_or_above_gate,True,6
Sparkov,FOLLOWUP_SPARKOV_268,0.8825938642,0.5,at_or_above_gate,True,6
Sparkov,FOLLOWUP_SPARKOV_269,0.883780934,0.5,at_or_above_gate,True,6
Sparkov,FOLLOWUP_SPARKOV_270,0.8878802605,0.5,at_or_above_gate,True,6
Sparkov,FOLLOWUP_SPARKOV_271,0.8899915391,0.5,at_or_above_gate,True,6
Sparkov,FOLLOWUP_SPARKOV_272,0.8920313099,0.5,at_or_above_gate,True,6
Sparkov,FOLLOWUP_SPARKOV_273,0.8928842123,0.5,at_or_above_gate,True,6
Sparkov,FOLLOWUP_SPARKOV_274,0.8936627686,0.5,at_or_above_gate,True,6
Sparkov,FOLLOWUP_SPARKOV_275,0.8957567683,0.5,at_or_above_gate,True,6
Sparkov,FOLLOWUP_SPARKOV_276,0.8976922679,0.5,at_or_above_gate,True,6
Sparkov,FOLLOWUP_SPARKOV_277,0.8991247821,0.5,at_or_above_gate,True,6
Sparkov,FOLLOWUP_SPARKOV_278,0.902397859,0.5,at_or_above_gate,True,6
Sparkov,FOLLOWUP_SPARKOV_279,0.9029482981,0.5,at_or_above_gate,True,6
Sparkov,FOLLOWUP_SPARKOV_280,0.9040329362,0.5,at_or_above_gate,True,6
Sparkov,FOLLOWUP_SPARKOV_281,0.9066249584,0.5,at_or_above_gate,True,6
Sparkov,FOLLOWUP_SPARKOV_282,0.9080948635,0.5,at_or_above_gate,True,6
Sparkov,FOLLOWUP_SPARKOV_283,0.9105629187,0.5,at_or_above_gate,True,6
Sparkov,FOLLOWUP_SPARKOV_284,0.9130488918,0.5,at_or_above_gate,True,6
Sparkov,FOLLOWUP_SPARKOV_285,0.9162229678,0.5,at_or_above_gate,True,6
Sparkov,FOLLOWUP_SPARKOV_286,0.9180213723,0.5,at_or_above_gate,True,6
Sparkov,FOLLOWUP_SPARKOV_287,0.9190095639,0.5,at_or_above_gate,True,6
Sparkov,FOLLOWUP_SPARKOV_288,0.9222566692,0.5,at_or_above_gate,True,6
Sparkov,FOLLOWUP_SPARKOV_289,0.9233533323,0.5,at_or_above_gate,True,6
Sparkov,FOLLOWUP_SPARKOV_290,0.9252805068,0.5,at_or_above_gate,True,6
Sparkov,FOLLOWUP_SPARKOV_291,0.9277460421,0.5,at_or_above_gate,True,6
Sparkov,FOLLOWUP_SPARKOV_292,0.9288644842,0.5,at_or_above_gate,True,6
Sparkov,FOLLOWUP_SPARKOV_293,0.9318160986,0.5,at_or_above_gate,True,6
Sparkov,FOLLOWUP_SPARKOV_294,0.932985146,0.5,at_or_above_gate,True,6
Sparkov,FOLLOWUP_SPARKOV_295,0.9336050388,0.5,at_or_above_gate,True,6
Sparkov,FOLLOWUP_SPARKOV_296,0.9341242226,0.5,at_or_above_gate,True,6
Sparkov,FOLLOWUP_SPARKOV_297,0.9365383461,0.5,at_or_above_gate,True,6
Sparkov,FOLLOWUP_SPARKOV_298,0.9376767026,0.5,at_or_above_gate,True,6
Sparkov,FOLLOWUP_SPARKOV_299,0.9387745462,0.5,at_or_above_gate,True,6
Sparkov,FOLLOWUP_SPARKOV_300,0.9429937312,0.5,at_or_above_gate,True,6
Sparkov,FOLLOWUP_SPARKOV_301,0.9438874856,0.5,at_or_above_gate,True,6
Sparkov,FOLLOWUP_SPARKOV_302,0.9443352771,0.5,at_or_above_gate,True,6
Sparkov,FOLLOWUP_SPARKOV_303,0.94808729,0.5,at_or_above_gate,True,6
Sparkov,FOLLOWUP_SPARKOV_304,0.9486257729,0.5,at_or_above_gate,True,6
Sparkov,FOLLOWUP_SPARKOV_305,0.9490458076,0.5,at_or_above_gate,True,6
Sparkov,FOLLOWUP_SPARKOV_306,0.9517233993,0.5,at_or_above_gate,True,6
Sparkov,FOLLOWUP_SPARKOV_307,0.9533432071,0.5,at_or_above_gate,True,6
Sparkov,FOLLOWUP_SPARKOV_308,0.9539709564,0.5,at_or_above_gate,True,6
Sparkov,FOLLOWUP_SPARKOV_309,0.9544594177,0.5,at_or_above_gate,True,6
Sparkov,FOLLOWUP_SPARKOV_310,0.9567777703,0.5,at_or_above_gate,True,6
Sparkov,FOLLOWUP_SPARKOV_311,0.9578973793,0.5,at_or_above_gate,True,6
Sparkov,FOLLOWUP_SPARKOV_312,0.9587430773,0.5,at_or_above_gate,True,6
Sparkov,FOLLOWUP_SPARKOV_313,0.9590241198,0.5,at_or_above_gate,True,6
Sparkov,FOLLOWUP_SPARKOV_314,0.9593602909,0.5,at_or_above_gate,True,6
Sparkov,FOLLOWUP_SPARKOV_315,0.9623850854,0.5,at_or_above_gate,True,6
Sparkov,FOLLOWUP_SPARKOV_316,0.9634622844,0.5,at_or_above_gate,True,6
Sparkov,FOLLOWUP_SPARKOV_317,0.9638117669,0.5,at_or_above_gate,True,6
Sparkov,FOLLOWUP_SPARKOV_318,0.9641103664,0.5,at_or_above_gate,True,6
Sparkov,FOLLOWUP_SPARKOV_319,0.9644011392,0.5,at_or_above_gate,True,6
Sparkov,FOLLOWUP_SPARKOV_320,0.966609043,0.5,at_or_above_gate,True,6
Sparkov,FOLLOWUP_SPARKOV_321,0.9677012731,0.5,at_or_above_gate,True,6
Sparkov,FOLLOWUP_SPARKOV_322,0.9685578259,0.5,at_or_above_gate,True,6
Sparkov,FOLLOWUP_SPARKOV_323,0.9688772291,0.5,at_or_above_gate,True,6
Sparkov,FOLLOWUP_SPARKOV_324,0.9690154364,0.5,at_or_above_gate,True,6
Sparkov,FOLLOWUP_SPARKOV_325,0.9691494155,0.5,at_or_above_gate,True,6
Sparkov,FOLLOWUP_SPARKOV_326,0.9692837027,0.5,at_or_above_gate,True,6
Sparkov,FOLLOWUP_SPARKOV_327,0.9694202283,0.5,at_or_above_gate,True,6
Sparkov,FOLLOWUP_SPARKOV_328,0.9696807616,0.5,at_or_above_gate,True,6
Sparkov,FOLLOWUP_SPARKOV_329,0.973268932,0.5,at_or_above_gate,True,6
Sparkov,FOLLOWUP_SPARKOV_330,0.9736825432,0.5,at_or_above_gate,True,6
Sparkov,FOLLOWUP_SPARKOV_331,0.9740016799,0.5,at_or_above_gate,True,6
Sparkov,FOLLOWUP_SPARKOV_332,0.9741796593,0.5,at_or_above_gate,True,6
Sparkov,FOLLOWUP_SPARKOV_333,0.9743904839,0.5,at_or_above_gate,True,6
Sparkov,FOLLOWUP_SPARKOV_334,0.9745173057,0.5,at_or_above_gate,True,6
Sparkov,FOLLOWUP_SPARKOV_335,0.9746857447,0.5,at_or_above_gate,True,6
Sparkov,FOLLOWUP_SPARKOV_336,0.9785426353,0.5,at_or_above_gate,True,6
Sparkov,FOLLOWUP_SPARKOV_337,0.9788206515,0.5,at_or_above_gate,True,6
Sparkov,FOLLOWUP_SPARKOV_338,0.9790048153,0.5,at_or_above_gate,True,6
Sparkov,FOLLOWUP_SPARKOV_339,0.9792119079,0.5,at_or_above_gate,True,6
Sparkov,FOLLOWUP_SPARKOV_340,0.979343356,0.5,at_or_above_gate,True,6
Sparkov,FOLLOWUP_SPARKOV_341,0.9794529562,0.5,at_or_above_gate,True,6
Sparkov,FOLLOWUP_SPARKOV_342,0.9794948724,0.5,at_or_above_gate,True,6
Sparkov,FOLLOWUP_SPARKOV_343,0.9796170468,0.5,at_or_above_gate,True,6
Sparkov,FOLLOWUP_SPARKOV_344,0.979784056,0.5,at_or_above_gate,True,6
Sparkov,FOLLOWUP_SPARKOV_345,0.9831078965,0.5,at_or_above_gate,True,6
Sparkov,FOLLOWUP_SPARKOV_346,0.9836014012,0.5,at_or_above_gate,True,6
Sparkov,FOLLOWUP_SPARKOV_347,0.9839516776,0.5,at_or_above_gate,True,6
Sparkov,FOLLOWUP_SPARKOV_348,0.9840633949,0.5,at_or_above_gate,True,6
Sparkov,FOLLOWUP_SPARKOV_349,0.9841882277,0.5,at_or_above_gate,True,6
Sparkov,FOLLOWUP_SPARKOV_350,0.9842822585,0.5,at_or_above_gate,True,6
Sparkov,FOLLOWUP_SPARKOV_351,0.9843534949,0.5,at_or_above_gate,True,6
Sparkov,FOLLOWUP_SPARKOV_352,0.9844704959,0.5,at_or_above_gate,True,6
Sparkov,FOLLOWUP_SPARKOV_353,0.9845602832,0.5,at_or_above_gate,True,6
Sparkov,FOLLOWUP_SPARKOV_354,0.9846674988,0.5,at_or_above_gate,True,6
Sparkov,FOLLOWUP_SPARKOV_355,0.9847375159,0.5,at_or_above_gate,True,6
Sparkov,FOLLOWUP_SPARKOV_356,0.9848918493,0.5,at_or_above_gate,True,6
Sparkov,FOLLOWUP_SPARKOV_357,0.9885039259,0.5,at_or_above_gate,True,6
Sparkov,FOLLOWUP_SPARKOV_358,0.9888393115,0.5,at_or_above_gate,True,6
Sparkov,FOLLOWUP_SPARKOV_359,0.9890187788,0.5,at_or_above_gate,True,6
Sparkov,FOLLOWUP_SPARKOV_360,0.989130934,0.5,at_or_above_gate,True,6
Sparkov,FOLLOWUP_SPARKOV_361,0.9892875056,0.5,at_or_above_gate,True,6
Sparkov,FOLLOWUP_SPARKOV_362,0.989340942,0.5,at_or_above_gate,True,6
Sparkov,FOLLOWUP_SPARKOV_363,0.9893951777,0.5,at_or_above_gate,True,6
Sparkov,FOLLOWUP_SPARKOV_364,0.9894766299,0.5,at_or_above_gate,True,6
Sparkov,FOLLOWUP_SPARKOV_365,0.9895071021,0.5,at_or_above_gate,True,6
Sparkov,FOLLOWUP_SPARKOV_366,0.989584611,0.5,at_or_above_gate,True,6
Sparkov,FOLLOWUP_SPARKOV_367,0.9896209538,0.5,at_or_above_gate,True,6
Sparkov,FOLLOWUP_SPARKOV_368,0.9896929409,0.5,at_or_above_gate,True,6
Sparkov,FOLLOWUP_SPARKOV_369,0.9897248271,0.5,at_or_above_gate,True,6
Sparkov,FOLLOWUP_SPARKOV_370,0.9897898586,0.5,at_or_above_gate,True,6
Sparkov,FOLLOWUP_SPARKOV_371,0.9898742724,0.5,at_or_above_gate,True,6
Sparkov,FOLLOWUP_SPARKOV_372,0.9936185818,0.5,at_or_above_gate,True,6
Sparkov,FOLLOWUP_SPARKOV_373,0.9938881346,0.5,at_or_above_gate,True,6
Sparkov,FOLLOWUP_SPARKOV_374,0.9941289147,0.5,at_or_above_gate,True,6
Sparkov,FOLLOWUP_SPARKOV_375,0.9943083579,0.5,at_or_above_gate,True,6
Sparkov,FOLLOWUP_SPARKOV_376,0.9943959134,0.5,at_or_above_gate,True,6
Sparkov,FOLLOWUP_SPARKOV_377,0.9944778384,0.5,at_or_above_gate,True,6
Sparkov,FOLLOWUP_SPARKOV_378,0.9945647244,0.5,at_or_above_gate,True,6
Sparkov,FOLLOWUP_SPARKOV_379,0.9946333956,0.5,at_or_above_gate,True,6
Sparkov,FOLLOWUP_SPARKOV_380,0.9947047888,0.5,at_or_above_gate,True,6
Sparkov,FOLLOWUP_SPARKOV_381,0.9947542945,0.5,at_or_above_gate,True,6
Sparkov,FOLLOWUP_SPARKOV_382,0.9947740407,0.5,at_or_above_gate,True,6
Sparkov,FOLLOWUP_SPARKOV_383,0.9948092921,0.5,at_or_above_gate,True,6
Sparkov,FOLLOWUP_SPARKOV_384,0.9948234791,0.5,at_or_above_gate,True,6
Sparkov,FOLLOWUP_SPARKOV_385,0.9948707135,0.5,at_or_above_gate,True,6
Sparkov,FOLLOWUP_SPARKOV_386,0.9949326467,0.5,at_or_above_gate,True,6
Sparkov,FOLLOWUP_SPARKOV_387,0.9986259285,0.5,at_or_above_gate,True,6
Sparkov,FOLLOWUP_SPARKOV_388,0.9993061425,0.5,at_or_above_gate,True,6
Sparkov,FOLLOWUP_SPARKOV_389,0.9994209856,0.5,at_or_above_gate,True,6
Sparkov,FOLLOWUP_SPARKOV_390,0.999495958,0.5,at_or_above_gate,True,6
Sparkov,FOLLOWUP_SPARKOV_391,0.9995565513,0.5,at_or_above_gate,True,6
Sparkov,FOLLOWUP_SPARKOV_392,0.999619718,0.5,at_or_above_gate,True,6
Sparkov,FOLLOWUP_SPARKOV_393,0.9996708582,0.5,at_or_above_gate,True,6
Sparkov,FOLLOWUP_SPARKOV_394,0.9997290541,0.5,at_or_above_gate,True,6
Sparkov,FOLLOWUP_SPARKOV_395,0.9997652099,0.5,at_or_above_gate,True,6
Sparkov,FOLLOWUP_SPARKOV_396,0.9998095689,0.5,at_or_above_gate,True,6
Sparkov,FOLLOWUP_SPARKOV_397,0.9998465685,0.5,at_or_above_gate,True,6
Sparkov,FOLLOWUP_SPARKOV_398,0.9998999303,0.5,at_or_above_gate,True,6
Sparkov,FOLLOWUP_SPARKOV_399,0.9999460791,0.5,at_or_above_gate,True,6
Sparkov,FOLLOWUP_SPARKOV_400,0.9999741661,0.5,at_or_above_gate,True,6
ULB,FOLLOWUP_ULB_001,0.0,0.5,below_gate,False,6
ULB,FOLLOWUP_ULB_002,0.0,0.5,below_gate,False,6
ULB,FOLLOWUP_ULB_003,0.0,0.5,below_gate,False,6
ULB,FOLLOWUP_ULB_004,0.0,0.5,below_gate,False,6
ULB,FOLLOWUP_ULB_005,0.0,0.5,below_gate,False,6
ULB,FOLLOWUP_ULB_006,0.0,0.5,below_gate,False,6
ULB,FOLLOWUP_ULB_007,0.0,0.5,below_gate,False,6
ULB,FOLLOWUP_ULB_008,0.0,0.5,below_gate,False,6
ULB,FOLLOWUP_ULB_009,0.0,0.5,below_gate,False,6
ULB,FOLLOWUP_ULB_010,0.0,0.5,below_gate,False,6
ULB,FOLLOWUP_ULB_011,0.0,0.5,below_gate,False,6
ULB,FOLLOWUP_ULB_012,0.0,0.5,below_gate,False,6
ULB,FOLLOWUP_ULB_013,0.0,0.5,below_gate,False,6
ULB,FOLLOWUP_ULB_014,0.0,0.5,below_gate,False,6
ULB,FOLLOWUP_ULB_015,0.0,0.5,below_gate,False,6
ULB,FOLLOWUP_ULB_016,0.0,0.5,below_gate,False,6
ULB,FOLLOWUP_ULB_017,0.0,0.5,below_gate,False,6
ULB,FOLLOWUP_ULB_018,0.0,0.5,below_gate,False,6
ULB,FOLLOWUP_ULB_019,0.0,0.5,below_gate,False,6
ULB,FOLLOWUP_ULB_020,0.0,0.5,below_gate,False,6
ULB,FOLLOWUP_ULB_021,0.0,0.5,below_gate,False,6
ULB,FOLLOWUP_ULB_022,0.0,0.5,below_gate,False,6
ULB,FOLLOWUP_ULB_023,0.0,0.5,below_gate,False,6
ULB,FOLLOWUP_ULB_024,0.0,0.5,below_gate,False,6
ULB,FOLLOWUP_ULB_025,0.0,0.5,below_gate,False,6
ULB,FOLLOWUP_ULB_026,0.0,0.5,below_gate,False,6
ULB,FOLLOWUP_ULB_027,0.0,0.5,below_gate,False,6
ULB,FOLLOWUP_ULB_028,0.0,0.5,below_gate,False,6
ULB,FOLLOWUP_ULB_029,0.0,0.5,below_gate,False,6
ULB,FOLLOWUP_ULB_030,0.0,0.5,below_gate,False,6
ULB,FOLLOWUP_ULB_031,0.0,0.5,below_gate,False,6
ULB,FOLLOWUP_ULB_032,0.0,0.5,below_gate,False,6
ULB,FOLLOWUP_ULB_033,0.0,0.5,below_gate,False,6
ULB,FOLLOWUP_ULB_034,0.0,0.5,below_gate,False,6
ULB,FOLLOWUP_ULB_035,0.0,0.5,below_gate,False,6
ULB,FOLLOWUP_ULB_036,0.0,0.5,below_gate,False,6
ULB,FOLLOWUP_ULB_037,0.0,0.5,below_gate,False,6
ULB,FOLLOWUP_ULB_038,0.0,0.5,below_gate,False,6
ULB,FOLLOWUP_ULB_039,0.0,0.5,below_gate,False,6
ULB,FOLLOWUP_ULB_040,0.0,0.5,below_gate,False,6
ULB,FOLLOWUP_ULB_041,0.0,0.5,below_gate,False,6
ULB,FOLLOWUP_ULB_042,0.0,0.5,below_gate,False,6
ULB,FOLLOWUP_ULB_043,0.0,0.5,below_gate,False,6
ULB,FOLLOWUP_ULB_044,0.0,0.5,below_gate,False,6
ULB,FOLLOWUP_ULB_045,0.0,0.5,below_gate,False,6
ULB,FOLLOWUP_ULB_046,0.0,0.5,below_gate,False,6
ULB,FOLLOWUP_ULB_047,0.0,0.5,below_gate,False,6
ULB,FOLLOWUP_ULB_048,0.0,0.5,below_gate,False,6
ULB,FOLLOWUP_ULB_049,0.0,0.5,below_gate,False,6
ULB,FOLLOWUP_ULB_050,0.0,0.5,below_gate,False,6
ULB,FOLLOWUP_ULB_051,0.0,0.5,below_gate,False,6
ULB,FOLLOWUP_ULB_052,0.0,0.5,below_gate,False,6
ULB,FOLLOWUP_ULB_053,0.0,0.5,below_gate,False,6
ULB,FOLLOWUP_ULB_054,0.0,0.5,below_gate,False,6
ULB,FOLLOWUP_ULB_055,0.0,0.5,below_gate,False,6
ULB,FOLLOWUP_ULB_056,0.0,0.5,below_gate,False,6
ULB,FOLLOWUP_ULB_057,0.0,0.5,below_gate,False,6
ULB,FOLLOWUP_ULB_058,0.0,0.5,below_gate,False,6
ULB,FOLLOWUP_ULB_059,0.0,0.5,below_gate,False,6
ULB,FOLLOWUP_ULB_060,0.0033271202,0.5,below_gate,False,6
ULB,FOLLOWUP_ULB_061,0.003327798,0.5,below_gate,False,6
ULB,FOLLOWUP_ULB_062,0.0033306878,0.5,below_gate,False,6
ULB,FOLLOWUP_ULB_063,0.0033314937,0.5,below_gate,False,6
ULB,FOLLOWUP_ULB_064,0.0033333333,0.5,below_gate,False,6
ULB,FOLLOWUP_ULB_065,0.0066452614,0.5,below_gate,False,6
ULB,FOLLOWUP_ULB_066,0.0066549388,0.5,below_gate,False,6
ULB,FOLLOWUP_ULB_067,0.0066630347,0.5,below_gate,False,6
ULB,FOLLOWUP_ULB_068,0.0099852098,0.5,below_gate,False,6
ULB,FOLLOWUP_ULB_069,0.0166614702,0.5,below_gate,False,6
ULB,FOLLOWUP_ULB_070,0.0299673894,0.5,below_gate,False,6
ULB,FOLLOWUP_ULB_071,0.0333195666,0.5,below_gate,False,6
ULB,FOLLOWUP_ULB_072,0.0499602497,0.5,below_gate,False,6
ULB,FOLLOWUP_ULB_073,0.066624761,0.5,below_gate,False,6
ULB,FOLLOWUP_ULB_074,0.1165258316,0.5,below_gate,False,6
ULB,FOLLOWUP_ULB_075,0.1431582727,0.5,below_gate,False,6
ULB,FOLLOWUP_ULB_076,0.209827662,0.5,below_gate,False,6
ULB,FOLLOWUP_ULB_077,0.2298268817,0.5,below_gate,False,6
ULB,FOLLOWUP_ULB_078,0.2564984831,0.5,below_gate,False,6
ULB,FOLLOWUP_ULB_079,0.329817278,0.5,below_gate,False,6
ULB,FOLLOWUP_ULB_080,0.3397879892,0.5,below_gate,False,6
ULB,FOLLOWUP_ULB_081,0.4165251294,0.5,below_gate,False,6
ULB,FOLLOWUP_ULB_082,0.4230439285,0.5,below_gate,False,6
ULB,FOLLOWUP_ULB_083,0.5031203526,0.5,at_or_above_gate,True,6
ULB,FOLLOWUP_ULB_084,0.533176535,0.5,at_or_above_gate,True,6
ULB,FOLLOWUP_ULB_085,0.5495289388,0.5,at_or_above_gate,True,6
ULB,FOLLOWUP_ULB_086,0.5765608573,0.5,at_or_above_gate,True,6
ULB,FOLLOWUP_ULB_087,0.586289315,0.5,at_or_above_gate,True,6
ULB,FOLLOWUP_ULB_088,0.5897793788,0.5,at_or_above_gate,True,6
ULB,FOLLOWUP_ULB_089,0.6530468274,0.5,at_or_above_gate,True,6
ULB,FOLLOWUP_ULB_090,0.6763733139,0.5,at_or_above_gate,True,6
ULB,FOLLOWUP_ULB_091,0.6896181218,0.5,at_or_above_gate,True,6
ULB,FOLLOWUP_ULB_092,0.7230894302,0.5,at_or_above_gate,True,6
ULB,FOLLOWUP_ULB_093,0.7265486602,0.5,at_or_above_gate,True,6
ULB,FOLLOWUP_ULB_094,0.7465231707,0.5,at_or_above_gate,True,6
ULB,FOLLOWUP_ULB_095,0.7664842322,0.5,at_or_above_gate,True,6
ULB,FOLLOWUP_ULB_096,0.8064523231,0.5,at_or_above_gate,True,6
ULB,FOLLOWUP_ULB_097,0.8097131872,0.5,at_or_above_gate,True,6
ULB,FOLLOWUP_ULB_098,0.8232364903,0.5,at_or_above_gate,True,6
ULB,FOLLOWUP_ULB_099,0.8297336563,0.5,at_or_above_gate,True,6
ULB,FOLLOWUP_ULB_100,0.8331518457,0.5,at_or_above_gate,True,6
ULB,FOLLOWUP_ULB_101,0.8365356616,0.5,at_or_above_gate,True,6
ULB,FOLLOWUP_ULB_102,0.846348981,0.5,at_or_above_gate,True,6
ULB,FOLLOWUP_ULB_103,0.856361944,0.5,at_or_above_gate,True,6
ULB,FOLLOWUP_ULB_104,0.8563903445,0.5,at_or_above_gate,True,6
ULB,FOLLOWUP_ULB_105,0.8598421301,0.5,at_or_above_gate,True,6
ULB,FOLLOWUP_ULB_106,0.8629735733,0.5,at_or_above_gate,True,6
ULB,FOLLOWUP_ULB_107,0.8697937821,0.5,at_or_above_gate,True,6
ULB,FOLLOWUP_ULB_108,0.8831110786,0.5,at_or_above_gate,True,6
ULB,FOLLOWUP_ULB_109,0.8862609601,0.5,at_or_above_gate,True,6
ULB,FOLLOWUP_ULB_110,0.8897764099,0.5,at_or_above_gate,True,6
ULB,FOLLOWUP_ULB_111,0.893120195,0.5,at_or_above_gate,True,6
ULB,FOLLOWUP_ULB_112,0.8996436478,0.5,at_or_above_gate,True,6
ULB,FOLLOWUP_ULB_113,0.8998465121,0.5,at_or_above_gate,True,6
ULB,FOLLOWUP_ULB_114,0.9131434636,0.5,at_or_above_gate,True,6
ULB,FOLLOWUP_ULB_115,0.9164488894,0.5,at_or_above_gate,True,6
ULB,FOLLOWUP_ULB_116,0.9164965861,0.5,at_or_above_gate,True,6
ULB,FOLLOWUP_ULB_117,0.9198267125,0.5,at_or_above_gate,True,6
ULB,FOLLOWUP_ULB_118,0.9265134236,0.5,at_or_above_gate,True,6
ULB,FOLLOWUP_ULB_119,0.933105321,0.5,at_or_above_gate,True,6
ULB,FOLLOWUP_ULB_120,0.9331546561,0.5,at_or_above_gate,True,6
ULB,FOLLOWUP_ULB_121,0.9331882498,0.5,at_or_above_gate,True,6
ULB,FOLLOWUP_ULB_122,0.9332628889,0.5,at_or_above_gate,True,6
ULB,FOLLOWUP_ULB_123,0.9391474885,0.5,at_or_above_gate,True,6
ULB,FOLLOWUP_ULB_124,0.9399087627,0.5,at_or_above_gate,True,6
ULB,FOLLOWUP_ULB_125,0.9432289324,0.5,at_or_above_gate,True,6
ULB,FOLLOWUP_ULB_126,0.9531611741,0.5,at_or_above_gate,True,6
ULB,FOLLOWUP_ULB_127,0.9532402118,0.5,at_or_above_gate,True,6
ULB,FOLLOWUP_ULB_128,0.9597964062,0.5,at_or_above_gate,True,6
ULB,FOLLOWUP_ULB_129,0.9598436911,0.5,at_or_above_gate,True,6
ULB,FOLLOWUP_ULB_130,0.963216892,0.5,at_or_above_gate,True,6
ULB,FOLLOWUP_ULB_131,0.9633024155,0.5,at_or_above_gate,True,6
ULB,FOLLOWUP_ULB_132,0.9665584602,0.5,at_or_above_gate,True,6
ULB,FOLLOWUP_ULB_133,0.9699374011,0.5,at_or_above_gate,True,6
ULB,FOLLOWUP_ULB_134,0.9732821109,0.5,at_or_above_gate,True,6
ULB,FOLLOWUP_ULB_135,0.9766047458,0.5,at_or_above_gate,True,6
ULB,FOLLOWUP_ULB_136,0.9766159618,0.5,at_or_above_gate,True,6
ULB,FOLLOWUP_ULB_137,0.9766427343,0.5,at_or_above_gate,True,6
ULB,FOLLOWUP_ULB_138,0.9799380369,0.5,at_or_above_gate,True,6
ULB,FOLLOWUP_ULB_139,0.9832242024,0.5,at_or_above_gate,True,6
ULB,FOLLOWUP_ULB_140,0.9832668822,0.5,at_or_above_gate,True,6
ULB,FOLLOWUP_ULB_141,0.9832941164,0.5,at_or_above_gate,True,6
ULB,FOLLOWUP_ULB_142,0.9866280499,0.5,at_or_above_gate,True,6
ULB,FOLLOWUP_ULB_143,0.9866618769,0.5,at_or_above_gate,True,6
ULB,FOLLOWUP_ULB_144,0.9866640777,0.5,at_or_above_gate,True,6
ULB,FOLLOWUP_ULB_145,0.989932665,0.5,at_or_above_gate,True,6
ULB,FOLLOWUP_ULB_146,0.9899445471,0.5,at_or_above_gate,True,6
ULB,FOLLOWUP_ULB_147,0.9899696066,0.5,at_or_above_gate,True,6
ULB,FOLLOWUP_ULB_148,0.9933291122,0.5,at_or_above_gate,True,6
ULB,FOLLOWUP_ULB_149,0.9999689806,0.5,at_or_above_gate,True,6
ULB,FOLLOWUP_ULB_150,0.9999719499,0.5,at_or_above_gate,True,6
