dataset_id,condition_id,disposition,run_count,metric,n,mean,standard_deviation,minimum,p25,median,p75,p95,maximum
Sparkov,A_direct,generated_released,400,processing_latency_ms,400,27588.358485,26401.006495,1794.011,6817.3855,7938.1225,58748.92525,69356.4958,83085.086
Sparkov,A_direct,generated_released,400,generation_latency_ms,400,27578.909387,26401.072662,1785.249,6808.288,7928.003,58739.44975,69346.66165,83075.534
Sparkov,A_direct,generated_released,400,retrieval_latency_ms,400,0.0,0.0,0.0,0.0,0.0,0.0,0.0,0.0
Sparkov,A_direct,generated_released,400,validation_latency_ms,400,0.064317,0.408615,0.01,0.014,0.015,0.02125,0.085,7.313
Sparkov,A_direct,generated_released,400,cpu_time_ms,400,4541.962205,3755.918205,319.191,1463.1605,1834.725,8901.32275,10392.29965,12405.527
Sparkov,A_direct,generated_released,400,memory_rss_delta_bytes,400,-24606351.36,74963577.075226,-459423744.0,-6823936.0,-1163264.0,671744.0,3247308.8,19103744.0
Sparkov,B_dense,generated_released,400,processing_latency_ms,400,12539.211698,14936.57432,2780.914,8827.25725,9614.5505,10968.4735,13456.2358,105319.974
Sparkov,B_dense,generated_released,400,generation_latency_ms,400,12380.436013,14884.491279,2765.539,8775.17525,9567.599,10790.30175,12494.9929,105007.881
Sparkov,B_dense,generated_released,400,retrieval_latency_ms,400,148.454878,721.923173,4.562,5.274,5.8715,8.3795,357.49685,5974.502
Sparkov,B_dense,generated_released,400,validation_latency_ms,400,0.11004,0.461148,0.01,0.013,0.014,0.02,0.03325,2.948
Sparkov,B_dense,generated_released,400,cpu_time_ms,400,2050.902668,2622.482286,311.163,1415.93975,1555.9115,1774.4685,2097.09535,17837.359
Sparkov,B_dense,generated_released,400,memory_rss_delta_bytes,400,-18000445.44,105206090.087679,-688259072.0,438272.0,835584.0,1527808.0,4555571.2,14303232.0
Sparkov,B_lexical,generated_released,400,processing_latency_ms,400,10525.894973,2091.083656,3210.839,9274.66275,10196.523,11649.138,14711.2148,18106.662
Sparkov,B_lexical,generated_released,400,generation_latency_ms,400,10503.397183,2089.876397,3190.899,9255.57325,10173.198,11627.47025,14687.0774,18084.951
Sparkov,B_lexical,generated_released,400,retrieval_latency_ms,400,11.374585,8.870295,9.327,9.603,9.6735,9.9255,14.31795,103.012
Sparkov,B_lexical,generated_released,400,validation_latency_ms,400,0.030977,0.204084,0.01,0.013,0.015,0.021,0.029,4.045
Sparkov,B_lexical,generated_released,400,cpu_time_ms,400,1680.434802,353.619481,391.967,1462.54375,1649.634,1890.84075,2293.99575,2848.637
Sparkov,B_lexical,generated_released,400,memory_rss_delta_bytes,400,1911562.24,4315317.181563,-56410112.0,360448.0,1048576.0,3874816.0,7675904.0,14336000.0
Sparkov,C_dense,generated_blocked,201,processing_latency_ms,201,13043.542169,15135.66807,2995.067,10135.587,10726.359,11109.671,12242.989,107331.135
Sparkov,C_dense,generated_blocked,201,generation_latency_ms,201,13017.58694,15085.667903,2979.216,10121.331,10712.027,11095.068,12228.495,107019.574
Sparkov,C_dense,generated_blocked,201,retrieval_latency_ms,201,15.971269,50.060792,4.523,5.124,5.443,6.067,33.246,302.603
Sparkov,C_dense,generated_blocked,201,validation_latency_ms,201,0.165811,0.7638,0.021,0.028,0.035,0.039,0.048,5.459
Sparkov,C_dense,generated_blocked,201,cpu_time_ms,201,2120.184473,2615.649533,367.976,1611.383,1719.457,1797.643,1986.822,18149.104
Sparkov,C_dense,generated_blocked,201,memory_rss_delta_bytes,201,-16137587.900498,96231453.580191,-641744896.0,163840.0,720896.0,950272.0,3670016.0,5046272.0
Sparkov,C_dense,pre_generation_suppressed,199,processing_latency_ms,199,27.169497,54.34333,13.625,14.2845,14.723,15.798,68.1769,321.903
Sparkov,C_dense,pre_generation_suppressed,199,generation_latency_ms,0,,,,,,,,
Sparkov,C_dense,pre_generation_suppressed,199,retrieval_latency_ms,199,18.111814,54.231994,4.708,5.2705,5.811,6.5015,58.6632,312.229
Sparkov,C_dense,pre_generation_suppressed,199,validation_latency_ms,0,,,,,,,,
Sparkov,C_dense,pre_generation_suppressed,199,cpu_time_ms,199,0.0,0.0,0.0,0.0,0.0,0.0,0.0,0.0
Sparkov,C_dense,pre_generation_suppressed,199,memory_rss_delta_bytes,199,0.0,0.0,0.0,0.0,0.0,0.0,0.0,0.0
Sparkov,C_lexical,generated_blocked,201,processing_latency_ms,201,9772.666771,1133.682125,5584.64,9195.177,9814.695,10501.115,11356.643,12462.963
Sparkov,C_lexical,generated_blocked,201,generation_latency_ms,201,9749.08695,1134.333597,5565.66,9169.896,9794.928,10454.099,11336.879,12443.678
Sparkov,C_lexical,generated_blocked,201,retrieval_latency_ms,201,11.242129,7.697733,9.477,9.602,9.664,9.792,12.205,58.594
Sparkov,C_lexical,generated_blocked,201,validation_latency_ms,201,0.127582,0.770972,0.019,0.027,0.035,0.04,0.058,9.673
Sparkov,C_lexical,generated_blocked,201,cpu_time_ms,201,1526.639627,210.782756,820.361,1418.734,1536.907,1645.694,1851.075,2119.472
Sparkov,C_lexical,generated_blocked,201,memory_rss_delta_bytes,201,1669211.701493,4772943.947778,-4947968.0,245760.0,770048.0,1097728.0,4554752.0,27688960.0
Sparkov,C_lexical,pre_generation_suppressed,199,processing_latency_ms,199,22.866161,19.717361,18.49,18.8675,19.287,19.801,21.4776,147.108
Sparkov,C_lexical,pre_generation_suppressed,199,generation_latency_ms,0,,,,,,,,
Sparkov,C_lexical,pre_generation_suppressed,199,retrieval_latency_ms,199,11.064633,7.355273,9.465,9.601,9.666,9.8755,10.5207,59.372
Sparkov,C_lexical,pre_generation_suppressed,199,validation_latency_ms,0,,,,,,,,
Sparkov,C_lexical,pre_generation_suppressed,199,cpu_time_ms,199,0.0,0.0,0.0,0.0,0.0,0.0,0.0,0.0
Sparkov,C_lexical,pre_generation_suppressed,199,memory_rss_delta_bytes,199,0.0,0.0,0.0,0.0,0.0,0.0,0.0,0.0
Sparkov,D_hybrid,generated_blocked,201,processing_latency_ms,201,10073.447468,1253.542751,3206.493,9258.42,10149.413,10809.81,11901.637,13820.739
Sparkov,D_hybrid,generated_blocked,201,generation_latency_ms,201,10042.968881,1258.997052,3181.19,9233.486,10122.539,10782.451,11876.035,13795.981
Sparkov,D_hybrid,generated_blocked,201,retrieval_latency_ms,201,18.450408,15.532825,14.203,14.965,15.282,15.991,22.008,119.309
Sparkov,D_hybrid,generated_blocked,201,validation_latency_ms,201,0.033318,0.007026,0.02,0.027,0.035,0.038,0.043,0.05
Sparkov,D_hybrid,generated_blocked,201,cpu_time_ms,201,1590.392109,224.438408,347.455,1455.813,1602.32,1732.649,1886.085,2286.672
Sparkov,D_hybrid,generated_blocked,201,memory_rss_delta_bytes,201,931442.626866,3897241.441076,-7438336.0,147456.0,688128.0,884736.0,3473408.0,23838720.0
Sparkov,D_hybrid,pre_generation_suppressed,199,processing_latency_ms,199,25.679206,2.239662,22.915,23.925,24.923,26.989,29.815,35.13
Sparkov,D_hybrid,pre_generation_suppressed,199,generation_latency_ms,0,,,,,,,,
Sparkov,D_hybrid,pre_generation_suppressed,199,retrieval_latency_ms,199,16.626136,2.062759,14.297,14.956,15.839,17.914,20.809,24.237
Sparkov,D_hybrid,pre_generation_suppressed,199,validation_latency_ms,0,,,,,,,,
Sparkov,D_hybrid,pre_generation_suppressed,199,cpu_time_ms,199,0.0,0.0,0.0,0.0,0.0,0.0,0.0,0.0
Sparkov,D_hybrid,pre_generation_suppressed,199,memory_rss_delta_bytes,199,0.0,0.0,0.0,0.0,0.0,0.0,0.0,0.0
ULB,A_direct,generated_released,150,processing_latency_ms,150,8969.396807,2955.047223,2843.755,8003.997,8465.7095,9354.381,12041.59415,30771.89
ULB,A_direct,generated_released,150,generation_latency_ms,150,8964.572247,2954.760201,2830.655,7999.66875,8461.2355,9350.029,12036.677,30762.835
ULB,A_direct,generated_released,150,retrieval_latency_ms,150,0.0,0.0,0.0,0.0,0.0,0.0,0.0,0.0
ULB,A_direct,generated_released,150,validation_latency_ms,150,0.064273,0.294344,0.011,0.014,0.015,0.021,0.0311,2.413
ULB,A_direct,generated_released,150,cpu_time_ms,150,1804.62774,628.587864,492.917,1586.54075,1696.405,1873.3645,2352.8612,5971.077
ULB,A_direct,generated_released,150,memory_rss_delta_bytes,150,-12744785.92,60459402.45489,-349536256.0,-237568.0,737280.0,1257472.0,3819110.4,18022400.0
ULB,B_dense,generated_released,150,processing_latency_ms,150,12278.158067,3916.773997,6632.007,10571.1495,11813.9285,12679.98275,16064.9499,44488.431
ULB,B_dense,generated_released,150,generation_latency_ms,150,12242.508193,3873.032446,6621.709,10520.44575,11802.961,12670.131,16052.81185,44176.65
ULB,B_dense,generated_released,150,retrieval_latency_ms,150,30.360947,96.014244,4.135,4.935,5.282,6.415,294.57235,666.782
ULB,B_dense,generated_released,150,validation_latency_ms,150,0.077513,0.335802,0.011,0.014,0.018,0.02275,0.0332,2.46
ULB,B_dense,generated_released,150,cpu_time_ms,150,1894.32392,887.709471,755.534,1593.17325,1787.809,1927.63825,2231.3417,9128.67
ULB,B_dense,generated_released,150,memory_rss_delta_bytes,150,-22120475.306667,123207630.537071,-697679872.0,16384.0,778240.0,1306624.0,3957555.2,4603904.0
ULB,B_lexical,generated_released,150,processing_latency_ms,150,11626.617493,1973.145436,3274.05,10353.96975,11670.0825,12708.26075,15539.29715,17575.816
ULB,B_lexical,generated_released,150,generation_latency_ms,150,11609.618373,1972.383604,3259.688,10339.489,11654.43,12693.66325,15524.58825,17558.613
ULB,B_lexical,generated_released,150,retrieval_latency_ms,150,10.941647,5.402034,9.546,9.70075,9.9545,10.13975,12.28455,51.371
ULB,B_lexical,generated_released,150,validation_latency_ms,150,0.065853,0.333193,0.012,0.014,0.017,0.02275,0.02855,2.471
ULB,B_lexical,generated_released,150,cpu_time_ms,150,1727.128787,280.634205,357.92,1547.40825,1745.2695,1920.955,2127.5387,2576.924
ULB,B_lexical,generated_released,150,memory_rss_delta_bytes,150,895658.666667,3180665.358451,-18530304.0,20480.0,827392.0,1732608.0,6472499.2,10371072.0
ULB,C_dense,generated_blocked,65,processing_latency_ms,65,12225.549585,5119.024286,3691.706,10563.355,11108.875,12690.036,15580.8876,40584.333
ULB,C_dense,generated_blocked,65,generation_latency_ms,65,12202.140877,5072.686782,3682.342,10553.64,11098.19,12679.913,15570.3236,40276.137
ULB,C_dense,generated_blocked,65,retrieval_latency_ms,65,18.043446,55.774444,4.364,4.889,5.159,5.674,42.146,296.346
ULB,C_dense,generated_blocked,65,validation_latency_ms,65,0.190892,0.91492,0.022,0.028,0.036,0.04,0.051,6.504
ULB,C_dense,generated_blocked,65,cpu_time_ms,65,1804.049754,1101.114278,419.401,1550.295,1609.918,1763.847,2032.662,7814.349
ULB,C_dense,generated_blocked,65,memory_rss_delta_bytes,65,-20460591.261538,121172687.386761,-695468032.0,671744.0,753664.0,950272.0,4023910.4,4866048.0
ULB,C_dense,generated_released,3,processing_latency_ms,3,13549.130667,2133.775257,12164.034,12320.512,12476.99,14241.679,15653.4302,16006.368
ULB,C_dense,generated_released,3,generation_latency_ms,3,13530.691333,2122.423114,12152.046,12308.65,12465.254,14220.014,15623.822,15974.774
ULB,C_dense,generated_released,3,retrieval_latency_ms,3,12.914333,11.743696,5.08,6.163,7.246,16.8315,24.4999,26.417
ULB,C_dense,generated_released,3,validation_latency_ms,3,0.065667,0.006658,0.06,0.062,0.064,0.0685,0.0721,0.073
ULB,C_dense,generated_released,3,cpu_time_ms,3,1836.411,61.829248,1787.184,1801.7135,1816.243,1861.0245,1896.8497,1905.806
ULB,C_dense,generated_released,3,memory_rss_delta_bytes,3,846506.666667,795313.405408,32768.0,458752.0,884736.0,1253376.0,1548288.0,1622016.0
ULB,C_dense,pre_generation_suppressed,82,processing_latency_ms,82,22.258159,55.801767,8.632,9.44275,10.119,10.7675,33.86465,303.008
ULB,C_dense,pre_generation_suppressed,82,generation_latency_ms,0,,,,,,,,
ULB,C_dense,pre_generation_suppressed,82,retrieval_latency_ms,82,17.780598,55.733968,4.263,5.041,5.592,6.41175,29.1941,298.252
ULB,C_dense,pre_generation_suppressed,82,validation_latency_ms,0,,,,,,,,
ULB,C_dense,pre_generation_suppressed,82,cpu_time_ms,82,0.0,0.0,0.0,0.0,0.0,0.0,0.0,0.0
ULB,C_dense,pre_generation_suppressed,82,memory_rss_delta_bytes,82,0.0,0.0,0.0,0.0,0.0,0.0,0.0,0.0
ULB,C_lexical,generated_blocked,63,processing_latency_ms,63,11653.771444,1703.864957,7751.998,10579.19,11170.006,12741.537,13747.021,18520.691
ULB,C_lexical,generated_blocked,63,generation_latency_ms,63,11634.408111,1703.96263,7737.541,10564.8375,11154.776,12726.854,13732.6571,18504.444
ULB,C_lexical,generated_blocked,63,retrieval_latency_ms,63,11.544079,7.605632,9.447,9.6355,9.724,10.117,10.9897,54.884
ULB,C_lexical,generated_blocked,63,validation_latency_ms,63,0.112397,0.555725,0.02,0.0285,0.035,0.041,0.0538,4.44
ULB,C_lexical,generated_blocked,63,cpu_time_ms,63,1650.440905,211.098922,1096.614,1535.9335,1594.961,1749.568,1984.6625,2373.364
ULB,C_lexical,generated_blocked,63,memory_rss_delta_bytes,63,1948915.809524,5419057.528543,-3702784.0,688128.0,770048.0,958464.0,4040294.4,25165824.0
ULB,C_lexical,generated_released,5,processing_latency_ms,5,13837.0624,1814.574241,11959.174,12418.091,13330.264,15474.296,15897.6488,16003.487
ULB,C_lexical,generated_released,5,generation_latency_ms,5,13822.0032,1814.481151,11944.738,12402.866,13314.815,15458.844,15882.7712,15988.753
ULB,C_lexical,generated_released,5,retrieval_latency_ms,5,9.8766,0.208318,9.661,9.661,9.933,10.004,10.1,10.124
ULB,C_lexical,generated_released,5,validation_latency_ms,5,0.0622,0.003962,0.059,0.06,0.061,0.062,0.0676,0.069
ULB,C_lexical,generated_released,5,cpu_time_ms,5,1972.2874,233.174855,1770.021,1879.651,1886.034,1953.212,2288.6576,2372.519
ULB,C_lexical,generated_released,5,memory_rss_delta_bytes,5,-917504.0,3096966.07067,-3964928.0,-2539520.0,-2473984.0,671744.0,3109683.2,3719168.0
ULB,C_lexical,pre_generation_suppressed,82,processing_latency_ms,82,17.710768,18.985765,14.077,14.5145,14.9435,15.43025,17.0081,179.489
ULB,C_lexical,pre_generation_suppressed,82,generation_latency_ms,0,,,,,,,,
ULB,C_lexical,pre_generation_suppressed,82,retrieval_latency_ms,82,11.62661,11.559391,9.492,9.79525,10.087,10.33175,11.0503,112.859
ULB,C_lexical,pre_generation_suppressed,82,validation_latency_ms,0,,,,,,,,
ULB,C_lexical,pre_generation_suppressed,82,cpu_time_ms,82,0.0,0.0,0.0,0.0,0.0,0.0,0.0,0.0
ULB,C_lexical,pre_generation_suppressed,82,memory_rss_delta_bytes,82,0.0,0.0,0.0,0.0,0.0,0.0,0.0,0.0
ULB,D_hybrid,generated_blocked,65,processing_latency_ms,65,11493.186969,2046.008188,7126.292,9831.786,11241.583,12972.151,15098.899,16238.267
ULB,D_hybrid,generated_blocked,65,generation_latency_ms,65,11469.416631,2046.683664,7104.062,9810.841,11221.796,12952.115,15076.1534,16217.979
ULB,D_hybrid,generated_blocked,65,retrieval_latency_ms,65,17.696908,16.980949,14.39,14.781,15.388,16.292,17.3714,152.305
ULB,D_hybrid,generated_blocked,65,validation_latency_ms,65,0.035123,0.007466,0.021,0.029,0.035,0.039,0.0458,0.058
ULB,D_hybrid,generated_blocked,65,cpu_time_ms,65,1576.544662,245.808363,960.223,1397.773,1576.549,1772.529,1944.7092,1974.413
ULB,D_hybrid,generated_blocked,65,memory_rss_delta_bytes,65,1053869.292308,3225520.169523,-2998272.0,458752.0,770048.0,1064960.0,3912499.2,22708224.0
ULB,D_hybrid,generated_released,3,processing_latency_ms,3,12674.605333,584.027785,12003.318,12478.862,12954.406,13010.249,13054.9234,13066.092
ULB,D_hybrid,generated_released,3,generation_latency_ms,3,12601.247667,535.721597,11983.241,12435.0365,12886.832,12910.251,12928.9862,12933.67
ULB,D_hybrid,generated_released,3,retrieval_latency_ms,3,46.829667,54.283029,15.319,15.4895,15.66,62.585,100.125,109.51
ULB,D_hybrid,generated_released,3,validation_latency_ms,3,0.066,0.011269,0.059,0.0595,0.06,0.0695,0.0771,0.079
ULB,D_hybrid,generated_released,3,cpu_time_ms,3,1880.816333,95.395019,1770.722,1851.7405,1932.759,1935.8635,1938.3471,1938.968
ULB,D_hybrid,generated_released,3,memory_rss_delta_bytes,3,8202922.666667,13185652.784841,0.0,598016.0,1196032.0,12304384.0,21191065.6,23412736.0
ULB,D_hybrid,pre_generation_suppressed,82,processing_latency_ms,82,20.073671,1.807012,18.227,19.21225,19.744,20.37975,22.483,32.836
ULB,D_hybrid,pre_generation_suppressed,82,generation_latency_ms,0,,,,,,,,
ULB,D_hybrid,pre_generation_suppressed,82,retrieval_latency_ms,82,15.506024,1.058095,14.013,14.8035,15.194,15.90175,18.12445,19.383
ULB,D_hybrid,pre_generation_suppressed,82,validation_latency_ms,0,,,,,,,,
ULB,D_hybrid,pre_generation_suppressed,82,cpu_time_ms,82,0.0,0.0,0.0,0.0,0.0,0.0,0.0,0.0
ULB,D_hybrid,pre_generation_suppressed,82,memory_rss_delta_bytes,82,0.0,0.0,0.0,0.0,0.0,0.0,0.0,0.0
